{"cameraMode":{"drawMode":0,"name":"Shaded","section":"Shading Mode"},"sceneLighting":false,"audioPlay":false,"sceneViewState":{"showFog":true,"showMaterialUpdate":false,"showSkybox":true,"showFlares":true,"showImageEffects":true,"showParticleSystems":true},"in2DMode":false,"pivot":{"x":2.2145392894744875,"y":0.22238008677959443,"z":0.9723397493362427},"rotation":{"x":-0.0963517501950264,"y":0.8927346467971802,"z":-0.22872255742549897,"w":-0.3760734796524048},"size":4.330061435699463,"orthographic":false}