{"cameraMode":{"drawMode":0,"name":"Shaded","section":"Shading Mode"},"sceneLighting":true,"audioPlay":false,"sceneViewState":{"showFog":true,"showMaterialUpdate":false,"showSkybox":true,"showFlares":true,"showImageEffects":true,"showParticleSystems":true},"in2DMode":false,"pivot":{"x":414.9251403808594,"y":17.32583236694336,"z":0.4714622497558594},"rotation":{"x":0.11341676861047745,"y":-0.40406176447868349,"z":0.05056833103299141,"w":0.9062709212303162},"size":71.97686004638672,"orthographic":false}