{"cameraMode":{"drawMode":0,"name":"Shaded","section":"Shading Mode"},"sceneLighting":true,"audioPlay":false,"sceneViewState":{"showFog":true,"showMaterialUpdate":false,"showSkybox":true,"showFlares":true,"showImageEffects":true,"showParticleSystems":true},"in2DMode":false,"pivot":{"x":6.7101826667785648,"y":160.34231567382813,"z":-513.808349609375},"rotation":{"x":-0.3598420321941376,"y":0.10354017466306687,"z":-0.04021938517689705,"w":-0.9263807535171509},"size":594.30322265625,"orthographic":false}