{"cameraMode":{"drawMode":0,"name":"Shaded","section":"Shading Mode"},"sceneLighting":true,"audioPlay":false,"sceneViewState":{"showFog":true,"showMaterialUpdate":false,"showSkybox":true,"showFlares":true,"showImageEffects":true,"showParticleSystems":true},"in2DMode":false,"pivot":{"x":17.08910369873047,"y":-8.413558959960938,"z":4.253364562988281},"rotation":{"x":0.021311890333890916,"y":0.9762044548988342,"z":-0.18369731307029725,"w":0.11325568705797196},"size":153.0091552734375,"orthographic":false}