{"cameraMode":{"drawMode":0,"name":"Shaded","section":"Shading Mode"},"sceneLighting":true,"audioPlay":false,"sceneViewState":{"showFog":true,"showMaterialUpdate":false,"showSkybox":true,"showFlares":true,"showImageEffects":true,"showParticleSystems":true},"in2DMode":false,"pivot":{"x":268.6480712890625,"y":28.943389892578126,"z":-64.27253723144531},"rotation":{"x":0.14655207097530366,"y":-0.5742079615592957,"z":0.10537848621606827,"w":0.7985631823539734},"size":74.89527893066406,"orthographic":false}