{"cameraMode":{"drawMode":0,"name":"Shaded","section":"Shading Mode"},"sceneLighting":false,"audioPlay":false,"sceneViewState":{"showFog":true,"showMaterialUpdate":false,"showSkybox":true,"showFlares":true,"showImageEffects":true,"showParticleSystems":true},"in2DMode":false,"pivot":{"x":2.6740000247955324,"y":1.0500000715255738,"z":1.6805000305175782},"rotation":{"x":0.08250066637992859,"y":0.8485585451126099,"z":-0.13895173370838166,"w":0.5038202404975891},"size":5.530062198638916,"orthographic":false}